{
  "year": 2026,
  "total_capital_added_b": 2768.4357658199883,
  "baseline": {
    "income_tax_b": 2429.7399051579087,
    "employee_payroll_b": 717.0806270536601,
    "employer_payroll_b": 717.0806270536601,
    "eitc_cost_b": 54.493365911901016,
    "ctc_cost_b": 136.2759422156914,
    "snap_cost_b": 50.79601730315493,
    "decile_shares": [
      -0.0104,
      0.0202,
      0.0299,
      0.0422,
      0.0546,
      0.0674,
      0.0841,
      0.1044,
      0.1348,
      0.4729
    ],
    "market_gini": 0.8252,
    "net_gini": 0.5948,
    "spm_poverty_rate": 0.2347,
    "mean_net_income": 127358.4765432265,
    "fed_revenue_b": 2430,
    "state_revenue_b": 558
  },
  "doubled": {
    "income_tax_b": 2936.5685582650367,
    "employee_payroll_b": 717.0806270536601,
    "employer_payroll_b": 717.0806270536601,
    "eitc_cost_b": 54.17348319454189,
    "ctc_cost_b": 135.860727724155,
    "snap_cost_b": 50.30999209286458,
    "decile_shares": [
      -0.0052,
      0.0183,
      0.0261,
      0.0375,
      0.0481,
      0.0594,
      0.0745,
      0.0931,
      0.1214,
      0.5268
    ],
    "revenue_change_b": 623,
    "income_tax_change_b": 506.82865310712805,
    "employee_payroll_change_b": 0.0,
    "employer_payroll_change_b": 0.0,
    "eitc_change_b": -0.3198827173591283,
    "ctc_change_b": -0.41521449153640333,
    "snap_change_b": -0.4860252102903502,
    "market_gini": 0.8385,
    "net_gini": 0.6315,
    "spm_poverty_rate": 0.229,
    "mean_net_income": 147040.55264803008,
    "fed_revenue_b": 2937,
    "state_revenue_b": 674
  }
}